day_mean,0.042795878
last_part_mean,0.0031765345
day_max_min_growth,0.020971745
day_low,0.012318388
day_std,0.028370427
qtr_mean_0,0.008714132
qtr_low_0,0.00049031392
qtr_std_0,0.011556363
qtr_mean_1,0.006461279
qtr_low_1,0.0017597531
qtr_std_1,0.012894391
end_parts_mean_0,0.031066282
end_parts_low_0,4.182701e-05
end_parts_std_0,0.023455173
end_parts_mean_1,0.08959493
end_parts_low_1,0.0020736244
end_parts_std_1,0.0050058714
day_mean-1,0.0036887717
day_mean-2,0.016179278
day_mean-3,0.0043955403
day_mean-1_w10_min,0.026709666
day_mean-1_w10_mean,0.0034161245
day_mean-1_w10_max,0.0050022863
last_part_mean-1,0.0012699104
last_part_mean-2,0.0031461767
last_part_mean-3,0.00012579051
last_part_mean-1_w10_min,0.00016791558
last_part_mean-1_w10_mean,0.00020968694
last_part_mean-1_w10_max,0.00055542332
day_max_min_growth-1,0.002429862
day_max_min_growth-2,0.0024069601
day_max_min_growth-3,0.0072479011
day_max_min_growth-1_w10_min,0.0034998693
day_max_min_growth-1_w10_mean,0.0043099532
day_max_min_growth-1_w10_max,0.0032406773
day_low-1,0.001110394
day_low-2,0.00020964656
day_low-3,0.00034513074
day_std-1,0.0056225071
day_std-2,0.0030750046
day_std-3,0.0072893421
qtr_mean_0-1,0.00013669005
qtr_mean_0-2,0.0041595539
qtr_mean_0-3,2.0798559e-05
qtr_mean_0-1_w10_min,0.00040781774
qtr_mean_0-1_w10_mean,3.1192718e-05
qtr_mean_0-1_w10_max,0.00075274712
qtr_low_0-1,0.0
qtr_low_0-2,0.0
qtr_low_0-3,0.0
qtr_std_0-1,0.0037158781
qtr_std_0-2,0.0024208156
qtr_std_0-3,0.0047826651
qtr_mean_1-1,0.00093088672
qtr_mean_1-2,0.0011716826
qtr_mean_1-3,0.0
qtr_mean_1-1_w10_min,0.00045937087
qtr_mean_1-1_w10_mean,3.1417847e-05
qtr_mean_1-1_w10_max,3.1025575e-05
qtr_low_1-1,7.3443414e-05
qtr_low_1-2,0.0
qtr_low_1-3,0.0
qtr_std_1-1,0.0065831342
qtr_std_1-2,0.00094305113
qtr_std_1-3,0.003865049
end_parts_mean_0-1,0.0031822855
end_parts_mean_0-2,0.0058234809
end_parts_mean_0-3,0.0053926576
end_parts_low_0-1,0.0
end_parts_low_0-2,0.0
end_parts_low_0-3,2.0862004e-05
end_parts_std_0-1,0.0012975727
end_parts_std_0-2,0.0010165547
end_parts_std_0-3,0.002418143
end_parts_mean_1-1,0.012568505
end_parts_mean_1-2,0.0049632289
end_parts_mean_1-3,0.0040171621
end_parts_low_1-1,0.00099641492
end_parts_low_1-2,0.0
end_parts_low_1-3,0.0
end_parts_std_1-1,0.0035458996
end_parts_std_1-2,0.0021043634
end_parts_std_1-3,0.0013395123
date_diff,4.198197e-05
yesterday_last_part_mean,0.0056684422
ALRS_day_mean,0.00071071507
ALRS_last_part_mean,3.1454852e-05
ALRS_day_max_min_growth,0.0005137244
ALRS_day_low,0.00050279993
ALRS_day_std,0.00038800525
ALRS_qtr_mean_0,0.00015716693
ALRS_qtr_low_0,3.1249019e-05
ALRS_qtr_std_0,0.0098654432
ALRS_qtr_mean_1,0.0011709889
ALRS_qtr_low_1,0.0
ALRS_qtr_std_1,0.0052222903
ALRS_end_parts_mean_0,0.001132697
ALRS_end_parts_low_0,1.0370754e-05
ALRS_end_parts_std_0,0.0021890372
ALRS_end_parts_mean_1,0.0053552412
ALRS_end_parts_low_1,0.0
ALRS_end_parts_std_1,0.00092009478
ALRS_day_mean-1,0.0031751231
ALRS_day_mean-2,0.001925981
ALRS_day_mean-3,0.0020133508
ALRS_day_mean-1_w10_min,0.0079492489
ALRS_day_mean-1_w10_mean,0.0012059486
ALRS_day_mean-1_w10_max,0.0012979658
ALRS_last_part_mean-1,4.1697695e-05
ALRS_last_part_mean-2,0.00039819884
ALRS_last_part_mean-3,4.1978896e-05
ALRS_last_part_mean-1_w10_min,0.0
ALRS_last_part_mean-1_w10_mean,0.00025087022
ALRS_last_part_mean-1_w10_max,0.00032534089
ALRS_day_max_min_growth-1,0.0083205644
ALRS_day_max_min_growth-2,0.00039867926
ALRS_day_max_min_growth-3,0.00016742753
ALRS_day_max_min_growth-1_w10_min,0.0014449111
ALRS_day_max_min_growth-1_w10_mean,0.00038861253
ALRS_day_max_min_growth-1_w10_max,0.00034647551
ALRS_day_low-1,0.0024513786
ALRS_day_low-2,0.0017390961
ALRS_day_low-3,0.00015772092
ALRS_day_std-1,0.00036652904
ALRS_day_std-2,4.1674964e-05
ALRS_day_std-3,3.1326654e-05
ALRS_qtr_mean_0-1,1.0351967e-05
ALRS_qtr_mean_0-2,0.0001044392
ALRS_qtr_mean_0-3,0.00015788716
ALRS_qtr_mean_0-1_w10_min,2.1164675e-05
ALRS_qtr_mean_0-1_w10_mean,0.0021481249
ALRS_qtr_mean_0-1_w10_max,0.0
ALRS_qtr_low_0-1,0.0
ALRS_qtr_low_0-2,1.0427529e-05
ALRS_qtr_low_0-3,0.0
ALRS_qtr_std_0-1,0.00014638201
ALRS_qtr_std_0-2,0.00015746188
ALRS_qtr_std_0-3,6.3356005e-05
ALRS_qtr_mean_1-1,0.0
ALRS_qtr_mean_1-2,0.0
ALRS_qtr_mean_1-3,9.401625e-05
ALRS_qtr_mean_1-1_w10_min,0.000399752
ALRS_qtr_mean_1-1_w10_mean,0.00036756499
ALRS_qtr_mean_1-1_w10_max,4.2230819e-05
ALRS_qtr_low_1-1,0.0
ALRS_qtr_low_1-2,0.0
ALRS_qtr_low_1-3,0.0
ALRS_qtr_std_1-1,0.001046606
ALRS_qtr_std_1-2,0.00021865564
ALRS_qtr_std_1-3,0.00035702394
ALRS_end_parts_mean_0-1,0.0023535986
ALRS_end_parts_mean_0-2,0.0045266002
ALRS_end_parts_mean_0-3,0.00010449682
ALRS_end_parts_low_0-1,0.0
ALRS_end_parts_low_0-2,2.1066653e-05
ALRS_end_parts_low_0-3,0.0029130764
ALRS_end_parts_std_0-1,0.00011575376
ALRS_end_parts_std_0-2,0.00082611543
ALRS_end_parts_std_0-3,2.1066509e-05
ALRS_end_parts_mean_1-1,0.00078425347
ALRS_end_parts_mean_1-2,0.0034764055
ALRS_end_parts_mean_1-3,0.00085991621
ALRS_end_parts_low_1-1,0.0
ALRS_end_parts_low_1-2,0.0
ALRS_end_parts_low_1-3,0.0
ALRS_end_parts_std_1-1,0.00092180533
ALRS_end_parts_std_1-2,4.2117528e-05
ALRS_end_parts_std_1-3,0.00028252674
ALRS_date_diff,0.0
ALRS_yesterday_last_part_mean,0.00072385959
GAZP_day_mean,0.0012990833
GAZP_last_part_mean,0.00011558527
GAZP_day_max_min_growth,0.00038743412
GAZP_day_low,0.00095348927
GAZP_day_std,0.00012531535
GAZP_qtr_mean_0,0.0012970363
GAZP_qtr_low_0,0.00016730835
GAZP_qtr_std_0,0.00038790167
GAZP_qtr_mean_1,0.0018834656
GAZP_qtr_low_1,0.00086892792
GAZP_qtr_std_1,0.00085036102
GAZP_end_parts_mean_0,0.00070071052
GAZP_end_parts_low_0,0.00010462406
GAZP_end_parts_std_0,0.00024067234
GAZP_end_parts_mean_1,0.010087043
GAZP_end_parts_low_1,4.1969528e-05
GAZP_end_parts_std_1,0.00080684881
GAZP_day_mean-1,0.0016227586
GAZP_day_mean-2,0.00037670578
GAZP_day_mean-3,0.0014973566
GAZP_day_mean-1_w10_min,1.058201e-05
GAZP_day_mean-1_w10_mean,0.0018864396
GAZP_day_mean-1_w10_max,0.0058440673
GAZP_last_part_mean-1,1.0484928e-05
GAZP_last_part_mean-2,3.1731652e-05
GAZP_last_part_mean-3,0.0
GAZP_last_part_mean-1_w10_min,0.0
GAZP_last_part_mean-1_w10_mean,0.0
GAZP_last_part_mean-1_w10_max,0.00046029227
GAZP_day_max_min_growth-1,0.0020899342
GAZP_day_max_min_growth-2,0.00021985889
GAZP_day_max_min_growth-3,1.0484928e-05
GAZP_day_max_min_growth-1_w10_min,0.0002094831
GAZP_day_max_min_growth-1_w10_mean,0.0029933995
GAZP_day_max_min_growth-1_w10_max,0.00025265224
GAZP_day_low-1,0.00067172619
GAZP_day_low-2,1.0504202e-05
GAZP_day_low-3,0.0001677416
GAZP_day_std-1,0.00015757798
GAZP_day_std-2,3.1263662e-05
GAZP_day_std-3,0.0014895998
GAZP_qtr_mean_0-1,0.00035702877
GAZP_qtr_mean_0-2,5.2118718e-05
GAZP_qtr_mean_0-3,0.002732988
GAZP_qtr_mean_0-1_w10_min,0.00014638985
GAZP_qtr_mean_0-1_w10_mean,0.00011445356
GAZP_qtr_mean_0-1_w10_max,0.00027302283
GAZP_qtr_low_0-1,0.0
GAZP_qtr_low_0-2,0.0
GAZP_qtr_low_0-3,0.00030360988
GAZP_qtr_std_0-1,5.2368225e-05
GAZP_qtr_std_0-2,0.0014855107
GAZP_qtr_std_0-3,0.0012688737
GAZP_qtr_mean_1-1,9.3875402e-05
GAZP_qtr_mean_1-2,0.0020638763
GAZP_qtr_mean_1-3,2.0893813e-05
GAZP_qtr_mean_1-1_w10_min,0.00010494066
GAZP_qtr_mean_1-1_w10_mean,9.3587521e-05
GAZP_qtr_mean_1-1_w10_max,3.1552438e-05
GAZP_qtr_low_1-1,8.4427986e-05
GAZP_qtr_low_1-2,0.0
GAZP_qtr_low_1-3,0.0
GAZP_qtr_std_1-1,0.0012586974
GAZP_qtr_std_1-2,0.002910573
GAZP_qtr_std_1-3,0.0006381342
GAZP_end_parts_mean_0-1,0.0025952386
GAZP_end_parts_mean_0-2,0.0016964038
GAZP_end_parts_mean_0-3,0.00047188194
GAZP_end_parts_low_0-1,0.00014668831
GAZP_end_parts_low_0-2,0.0023039912
GAZP_end_parts_low_0-3,3.1517149e-05
GAZP_end_parts_std_0-1,6.258674e-05
GAZP_end_parts_std_0-2,1.0621349e-05
GAZP_end_parts_std_0-3,0.00011547347
GAZP_end_parts_mean_1-1,0.00032465058
GAZP_end_parts_mean_1-2,0.002567864
GAZP_end_parts_mean_1-3,7.3361836e-05
GAZP_end_parts_low_1-1,0.0
GAZP_end_parts_low_1-2,2.0799522e-05
GAZP_end_parts_low_1-3,0.00010447067
GAZP_end_parts_std_1-1,0.00013574702
GAZP_end_parts_std_1-2,0.00027277536
GAZP_end_parts_std_1-3,0.0013752347
GAZP_date_diff,0.0
GAZP_yesterday_last_part_mean,0.010607761
GMKN_day_mean,0.0068737296
GMKN_last_part_mean,0.0024896634
GMKN_day_max_min_growth,0.00043027735
GMKN_day_low,0.00032475853
GMKN_day_std,0.00042922713
GMKN_qtr_mean_0,0.00043094004
GMKN_qtr_low_0,4.1753901e-05
GMKN_qtr_std_0,0.00013552219
GMKN_qtr_mean_1,0.0010582152
GMKN_qtr_low_1,1.0484928e-05
GMKN_qtr_std_1,0.00096323685
GMKN_end_parts_mean_0,0.00040756454
GMKN_end_parts_low_0,0.0
GMKN_end_parts_std_0,3.1340267e-05
GMKN_end_parts_mean_1,0.0010065965
GMKN_end_parts_low_1,0.0
GMKN_end_parts_std_1,0.0010275997
GMKN_day_mean-1,0.0005772484
GMKN_day_mean-2,0.0002405315
GMKN_day_mean-3,0.0016566998
GMKN_day_mean-1_w10_min,0.0024413443
GMKN_day_mean-1_w10_mean,0.0051395916
GMKN_day_mean-1_w10_max,0.00014662888
GMKN_last_part_mean-1,0.0
GMKN_last_part_mean-2,9.440905e-05
GMKN_last_part_mean-3,0.00067889557
GMKN_last_part_mean-1_w10_min,1.0504202e-05
GMKN_last_part_mean-1_w10_mean,0.0
GMKN_last_part_mean-1_w10_max,0.00034622161
GMKN_day_max_min_growth-1,0.0017080413
GMKN_day_max_min_growth-2,0.0023368716
GMKN_day_max_min_growth-3,0.00051313505
GMKN_day_max_min_growth-1_w10_min,0.0012986332
GMKN_day_max_min_growth-1_w10_mean,2.1050591e-05
GMKN_day_max_min_growth-1_w10_max,0.0011588292
GMKN_day_low-1,0.00013605396
GMKN_day_low-2,0.00041849396
GMKN_day_low-3,0.00011476561
GMKN_day_std-1,0.00015762799
GMKN_day_std-2,0.00027094194
GMKN_day_std-3,0.00062704034
GMKN_qtr_mean_0-1,9.4565228e-05
GMKN_qtr_mean_0-2,8.4097846e-05
GMKN_qtr_mean_0-3,8.4189152e-05
GMKN_qtr_mean_0-1_w10_min,0.00012556948
GMKN_qtr_mean_0-1_w10_mean,0.00095330901
GMKN_qtr_mean_0-1_w10_max,7.3072828e-05
GMKN_qtr_low_0-1,0.0
GMKN_qtr_low_0-2,2.1010179e-05
GMKN_qtr_low_0-3,0.0
GMKN_qtr_std_0-1,0.000920864
GMKN_qtr_std_0-2,0.00017798884
GMKN_qtr_std_0-3,0.0010034689
GMKN_qtr_mean_1-1,0.0020627195
GMKN_qtr_mean_1-2,0.00018913142
GMKN_qtr_mean_1-3,1.0351967e-05
GMKN_qtr_mean_1-1_w10_min,0.00020981154
GMKN_qtr_mean_1-1_w10_mean,3.1417501e-05
GMKN_qtr_mean_1-1_w10_max,2.0874539e-05
GMKN_qtr_low_1-1,0.0
GMKN_qtr_low_1-2,0.0
GMKN_qtr_low_1-3,0.0
GMKN_qtr_std_1-1,0.00061741663
GMKN_qtr_std_1-2,0.00018744227
GMKN_qtr_std_1-3,0.0077391732
GMKN_end_parts_mean_0-1,0.00074524712
GMKN_end_parts_mean_0-2,0.0013818346
GMKN_end_parts_mean_0-3,0.00011477815
GMKN_end_parts_low_0-1,0.0
GMKN_end_parts_low_0-2,1.0465725e-05
GMKN_end_parts_low_0-3,0.0
GMKN_end_parts_std_0-1,0.00012543151
GMKN_end_parts_std_0-2,0.00021926986
GMKN_end_parts_std_0-3,0.00048072985
GMKN_end_parts_mean_1-1,0.0008591754
GMKN_end_parts_mean_1-2,0.0010263766
GMKN_end_parts_mean_1-3,0.00046988751
GMKN_end_parts_low_1-1,0.0
GMKN_end_parts_low_1-2,0.00011648868
GMKN_end_parts_low_1-3,0.0
GMKN_end_parts_std_1-1,0.00057407137
GMKN_end_parts_std_1-2,0.0005124922
GMKN_end_parts_std_1-3,0.0015283215
GMKN_date_diff,0.0
GMKN_yesterday_last_part_mean,2.1105414e-05
LKOH_day_mean,0.00016768747
LKOH_last_part_mean,0.00013575889
LKOH_day_max_min_growth,0.0019932385
LKOH_day_low,0.00094467367
LKOH_day_std,0.0022520565
LKOH_qtr_mean_0,6.3085237e-05
LKOH_qtr_low_0,0.0016346534
LKOH_qtr_std_0,0.0016421842
LKOH_qtr_mean_1,0.00050216715
LKOH_qtr_low_1,0.0094172051
LKOH_qtr_std_1,0.0017597588
LKOH_end_parts_mean_0,0.00010446362
LKOH_end_parts_low_0,0.0
LKOH_end_parts_std_0,3.1150797e-05
LKOH_end_parts_mean_1,0.005421544
LKOH_end_parts_low_1,0.00010437735
LKOH_end_parts_std_1,0.00056498114
LKOH_day_mean-1,0.00079665158
LKOH_day_mean-2,0.0030296629
LKOH_day_mean-3,0.0099212043
LKOH_day_mean-1_w10_min,1.0240656e-05
LKOH_day_mean-1_w10_mean,0.0013612207
LKOH_day_mean-1_w10_max,0.00014658102
LKOH_last_part_mean-1,0.0010161686
LKOH_last_part_mean-2,7.3724223e-05
LKOH_last_part_mean-3,0.00062937342
LKOH_last_part_mean-1_w10_min,0.0
LKOH_last_part_mean-1_w10_mean,0.0045572836
LKOH_last_part_mean-1_w10_max,0.0
LKOH_day_max_min_growth-1,0.00018907325
LKOH_day_max_min_growth-2,0.002146052
LKOH_day_max_min_growth-3,0.0044309851
LKOH_day_max_min_growth-1_w10_min,6.3015585e-05
LKOH_day_max_min_growth-1_w10_mean,0.00232478
LKOH_day_max_min_growth-1_w10_max,0.0012759422
LKOH_day_low-1,0.00041677398
LKOH_day_low-2,8.3857049e-05
LKOH_day_low-3,1.0484928e-05
LKOH_day_std-1,5.2177944e-05
LKOH_day_std-2,0.0011414463
LKOH_day_std-3,0.0025141716
LKOH_qtr_mean_0-1,0.00024119834
LKOH_qtr_mean_0-2,1.0601643e-05
LKOH_qtr_mean_0-3,3.1306969e-05
LKOH_qtr_mean_0-1_w10_min,1.070091e-05
LKOH_qtr_mean_0-1_w10_mean,0.0
LKOH_qtr_mean_0-1_w10_max,0.0
LKOH_qtr_low_0-1,0.0
LKOH_qtr_low_0-2,0.0
LKOH_qtr_low_0-3,0.0
LKOH_qtr_std_0-1,0.00037671387
LKOH_qtr_std_0-2,0.00036675943
LKOH_qtr_std_0-3,0.0035388961
LKOH_qtr_mean_1-1,7.3244373e-05
LKOH_qtr_mean_1-2,0.0020844555
LKOH_qtr_mean_1-3,0.0
LKOH_qtr_mean_1-1_w10_min,0.0
LKOH_qtr_mean_1-1_w10_mean,0.0
LKOH_qtr_mean_1-1_w10_max,0.00020059018
LKOH_qtr_low_1-1,0.0
LKOH_qtr_low_1-2,0.0
LKOH_qtr_low_1-3,0.0
LKOH_qtr_std_1-1,3.1570642e-05
LKOH_qtr_std_1-2,0.0020544413
LKOH_qtr_std_1-3,0.00034578925
LKOH_end_parts_mean_0-1,0.0051852623
LKOH_end_parts_mean_0-2,0.00013536771
LKOH_end_parts_mean_0-3,0.0015943176
LKOH_end_parts_low_0-1,0.0
LKOH_end_parts_low_0-2,0.0
LKOH_end_parts_low_0-3,0.0
LKOH_end_parts_std_0-1,0.0
LKOH_end_parts_std_0-2,0.0057489765
LKOH_end_parts_std_0-3,4.1617561e-05
LKOH_end_parts_mean_1-1,0.0002301386
LKOH_end_parts_mean_1-2,0.00053559354
LKOH_end_parts_mean_1-3,0.0019662718
LKOH_end_parts_low_1-1,0.0
LKOH_end_parts_low_1-2,1.056245e-05
LKOH_end_parts_low_1-3,2.0932082e-05
LKOH_end_parts_std_1-1,6.3104802e-05
LKOH_end_parts_std_1-2,0.0008423496
LKOH_end_parts_std_1-3,0.0051301336
LKOH_date_diff,0.0
LKOH_yesterday_last_part_mean,0.0028456566
ROSN_day_mean,0.0022812809
ROSN_last_part_mean,5.1968422e-05
ROSN_day_max_min_growth,0.00052446162
ROSN_day_low,6.3142485e-05
ROSN_day_std,0.00010477634
ROSN_qtr_mean_0,0.00056550384
ROSN_qtr_low_0,0.00040921292
ROSN_qtr_std_0,0.00052396278
ROSN_qtr_mean_1,0.001959706
ROSN_qtr_low_1,7.3533549e-05
ROSN_qtr_std_1,0.00029251038
ROSN_end_parts_mean_0,0.00033553535
ROSN_end_parts_low_0,0.0
ROSN_end_parts_std_0,0.00040984678
ROSN_end_parts_mean_1,0.0058861719
ROSN_end_parts_low_1,0.0
ROSN_end_parts_std_1,0.00031419244
ROSN_day_mean-1,0.00016646028
ROSN_day_mean-2,0.00029384039
ROSN_day_mean-3,0.0020325526
ROSN_day_mean-1_w10_min,0.0
ROSN_day_mean-1_w10_mean,0.00098432018
ROSN_day_mean-1_w10_max,0.00054556335
ROSN_last_part_mean-1,0.0
ROSN_last_part_mean-2,0.00011493902
ROSN_last_part_mean-3,6.2572079e-05
ROSN_last_part_mean-1_w10_min,1.0427529e-05
ROSN_last_part_mean-1_w10_mean,0.0001466106
ROSN_last_part_mean-1_w10_max,0.0
ROSN_day_max_min_growth-1,0.0025743167
ROSN_day_max_min_growth-2,5.2777075e-05
ROSN_day_max_min_growth-3,2.0836063e-05
ROSN_day_max_min_growth-1_w10_min,0.00046034026
ROSN_day_max_min_growth-1_w10_mean,0.0
ROSN_day_max_min_growth-1_w10_max,0.00025152546
ROSN_day_low-1,0.00095260271
ROSN_day_low-2,1.0446592e-05
ROSN_day_low-3,2.1165835e-05
ROSN_day_std-1,0.0063925083
ROSN_day_std-2,0.0051855212
ROSN_day_std-3,0.00037708401
ROSN_qtr_mean_0-1,0.00080776238
ROSN_qtr_mean_0-2,1.0351967e-05
ROSN_qtr_mean_0-3,2.0703934e-05
ROSN_qtr_mean_0-1_w10_min,2.0874122e-05
ROSN_qtr_mean_0-1_w10_mean,2.1047736e-05
ROSN_qtr_mean_0-1_w10_max,2.098913e-05
ROSN_qtr_low_0-1,0.0
ROSN_qtr_low_0-2,0.0
ROSN_qtr_low_0-3,0.0
ROSN_qtr_std_0-1,0.0035287475
ROSN_qtr_std_0-2,0.0002618212
ROSN_qtr_std_0-3,0.0014400051
ROSN_qtr_mean_1-1,0.0012335147
ROSN_qtr_mean_1-2,0.005028917
ROSN_qtr_mean_1-3,0.00072221074
ROSN_qtr_mean_1-1_w10_min,0.00019892196
ROSN_qtr_mean_1-1_w10_mean,0.0
ROSN_qtr_mean_1-1_w10_max,0.00011555073
ROSN_qtr_low_1-1,0.0016584451
ROSN_qtr_low_1-2,0.0
ROSN_qtr_low_1-3,0.0
ROSN_qtr_std_1-1,0.00027203976
ROSN_qtr_std_1-2,0.00031313801
ROSN_qtr_std_1-3,3.135905e-05
ROSN_end_parts_mean_0-1,0.00029370017
ROSN_end_parts_mean_0-2,0.0013293329
ROSN_end_parts_mean_0-3,0.0018018234
ROSN_end_parts_low_0-1,0.0
ROSN_end_parts_low_0-2,0.0
ROSN_end_parts_low_0-3,0.0
ROSN_end_parts_std_0-1,0.00068219594
ROSN_end_parts_std_0-2,0.0053191874
ROSN_end_parts_std_0-3,0.00032359295
ROSN_end_parts_mean_1-1,0.00095277239
ROSN_end_parts_mean_1-2,0.0047472282
ROSN_end_parts_mean_1-3,0.00012616438
ROSN_end_parts_low_1-1,0.0
ROSN_end_parts_low_1-2,2.0744856e-05
ROSN_end_parts_low_1-3,0.0
ROSN_end_parts_std_1-1,0.00019841679
ROSN_end_parts_std_1-2,0.0007962783
ROSN_end_parts_std_1-3,2.098913e-05
ROSN_date_diff,0.0
ROSN_yesterday_last_part_mean,0.0044377442
SBER_day_mean,0.0012238345
SBER_last_part_mean,0.00062797777
SBER_day_max_min_growth,0.0012344082
SBER_day_low,0.00071028934
SBER_day_std,8.399105e-05
SBER_qtr_mean_0,0.00012668131
SBER_qtr_low_0,0.0028205675
SBER_qtr_std_0,0.0011115035
SBER_qtr_mean_1,0.001077652
SBER_qtr_low_1,0.005046268
SBER_qtr_std_1,0.00069904933
SBER_end_parts_mean_0,0.0013513836
SBER_end_parts_low_0,0.0001877269
SBER_end_parts_std_0,0.00010457136
SBER_end_parts_mean_1,0.003393851
SBER_end_parts_low_1,0.0
SBER_end_parts_std_1,0.0012657554
SBER_day_mean-1,0.0012637457
SBER_day_mean-2,0.00024110611
SBER_day_mean-3,0.00014705129
SBER_day_mean-1_w10_min,0.00054414436
SBER_day_mean-1_w10_mean,0.00058837631
SBER_day_mean-1_w10_max,6.2853927e-05
SBER_last_part_mean-1,5.2163563e-05
SBER_last_part_mean-2,0.00088086963
SBER_last_part_mean-3,0.00011526785
SBER_last_part_mean-1_w10_min,0.0
SBER_last_part_mean-1_w10_mean,1.0465725e-05
SBER_last_part_mean-1_w10_max,0.0
SBER_day_max_min_growth-1,0.00018919139
SBER_day_max_min_growth-2,0.00014686822
SBER_day_max_min_growth-3,0.00054554833
SBER_day_max_min_growth-1_w10_min,1.0621349e-05
SBER_day_max_min_growth-1_w10_mean,0.0027010906
SBER_day_max_min_growth-1_w10_max,0.00047409616
SBER_day_low-1,0.000198405
SBER_day_low-2,0.0012525405
SBER_day_low-3,2.0875514e-05
SBER_day_std-1,0.00016739379
SBER_day_std-2,0.0040510311
SBER_day_std-3,0.00020987217
SBER_qtr_mean_0-1,2.0668185e-05
SBER_qtr_mean_0-2,0.00032431871
SBER_qtr_mean_0-3,0.0004407641
SBER_qtr_mean_0-1_w10_min,4.1730975e-05
SBER_qtr_mean_0-1_w10_mean,0.00042760486
SBER_qtr_mean_0-1_w10_max,0.0013811064
SBER_qtr_low_0-1,0.0
SBER_qtr_low_0-2,0.0
SBER_qtr_low_0-3,0.0
SBER_qtr_std_0-1,0.00042845661
SBER_qtr_std_0-2,0.00014658894
SBER_qtr_std_0-3,0.0003146645
SBER_qtr_mean_1-1,0.00090011867
SBER_qtr_mean_1-2,0.00017760613
SBER_qtr_mean_1-3,0.0021889133
SBER_qtr_mean_1-1_w10_min,6.270333e-05
SBER_qtr_mean_1-1_w10_mean,0.0049332692
SBER_qtr_mean_1-1_w10_max,7.2988922e-05
SBER_qtr_low_1-1,0.0
SBER_qtr_low_1-2,0.0
SBER_qtr_low_1-3,0.0010055538
SBER_qtr_std_1-1,9.4606112e-05
SBER_qtr_std_1-2,0.001026455
SBER_qtr_std_1-3,0.00028307937
SBER_end_parts_mean_0-1,0.00081572693
SBER_end_parts_mean_0-2,9.3776798e-05
SBER_end_parts_mean_0-3,0.0041475501
SBER_end_parts_low_0-1,0.00098297384
SBER_end_parts_low_0-2,1.0446592e-05
SBER_end_parts_low_0-3,2.0743217e-05
SBER_end_parts_std_0-1,0.00067039655
SBER_end_parts_std_0-2,0.009125757
SBER_end_parts_std_0-3,2.062919e-05
SBER_end_parts_mean_1-1,0.00049238658
SBER_end_parts_mean_1-2,0.0015478834
SBER_end_parts_mean_1-3,0.001622626
SBER_end_parts_low_1-1,0.0
SBER_end_parts_low_1-2,3.1264008e-05
SBER_end_parts_low_1-3,6.2510393e-05
SBER_end_parts_std_1-1,5.2620588e-05
SBER_end_parts_std_1-2,0.00020845803
SBER_end_parts_std_1-3,3.1591488e-05
SBER_date_diff,0.0
SBER_yesterday_last_part_mean,0.00011568328
VTBR_day_mean,0.0010360946
VTBR_last_part_mean,0.0029321027
VTBR_day_max_min_growth,4.2192423e-05
VTBR_day_low,0.00015680412
VTBR_day_std,0.0030781503
VTBR_qtr_mean_0,0.00048035014
VTBR_qtr_low_0,0.00065818732
VTBR_qtr_std_0,0.00013606649
VTBR_qtr_mean_1,0.0001784317
VTBR_qtr_low_1,0.0008183021
VTBR_qtr_std_1,8.411512e-05
VTBR_end_parts_mean_0,0.0035810708
VTBR_end_parts_low_0,0.0
VTBR_end_parts_std_0,0.00023144924
VTBR_end_parts_mean_1,0.00019839719
VTBR_end_parts_low_1,5.2470274e-05
VTBR_end_parts_std_1,0.00058455748
VTBR_day_mean-1,0.00050169404
VTBR_day_mean-2,0.0056546209
VTBR_day_mean-3,0.00099415903
VTBR_day_mean-1_w10_min,0.0
VTBR_day_mean-1_w10_mean,0.00031386627
VTBR_day_mean-1_w10_max,0.0012988602
VTBR_last_part_mean-1,0.00026212019
VTBR_last_part_mean-2,0.0018317522
VTBR_last_part_mean-3,0.00031285721
VTBR_last_part_mean-1_w10_min,0.0
VTBR_last_part_mean-1_w10_mean,0.0
VTBR_last_part_mean-1_w10_max,8.34983e-05
VTBR_day_max_min_growth-1,0.0
VTBR_day_max_min_growth-2,0.00014691833
VTBR_day_max_min_growth-3,0.00050221744
VTBR_day_max_min_growth-1_w10_min,0.0001888609
VTBR_day_max_min_growth-1_w10_mean,5.2279287e-05
VTBR_day_max_min_growth-1_w10_max,2.1087073e-05
VTBR_day_low-1,0.0010964015
VTBR_day_low-2,0.0
VTBR_day_low-3,2.1164095e-05
VTBR_day_std-1,0.00019826353
VTBR_day_std-2,5.2234689e-05
VTBR_day_std-3,0.00035726023
VTBR_qtr_mean_0-1,0.0
VTBR_qtr_mean_0-2,0.00064768601
VTBR_qtr_mean_0-3,2.0760364e-05
VTBR_qtr_mean_0-1_w10_min,0.00048222483
VTBR_qtr_mean_0-1_w10_mean,3.149475e-05
VTBR_qtr_mean_0-1_w10_max,0.0
VTBR_qtr_low_0-1,0.0
VTBR_qtr_low_0-2,0.0
VTBR_qtr_low_0-3,1.0621349e-05
VTBR_qtr_std_0-1,0.00055403489
VTBR_qtr_std_0-2,1.0465725e-05
VTBR_qtr_std_0-3,0.00045008174
VTBR_qtr_mean_1-1,0.0
VTBR_qtr_mean_1-2,0.0
VTBR_qtr_mean_1-3,0.00027299867
VTBR_qtr_mean_1-1_w10_min,0.00010473983
VTBR_qtr_mean_1-1_w10_mean,0.0001154678
VTBR_qtr_mean_1-1_w10_max,4.1886473e-05
VTBR_qtr_low_1-1,0.0
VTBR_qtr_low_1-2,0.0
VTBR_qtr_low_1-3,0.0
VTBR_qtr_std_1-1,0.0002297828
VTBR_qtr_std_1-2,0.0022087691
VTBR_qtr_std_1-3,0.0021758927
VTBR_end_parts_mean_0-1,0.0033002149
VTBR_end_parts_mean_0-2,0.00024051141
VTBR_end_parts_mean_0-3,0.00030367769
VTBR_end_parts_low_0-1,1.0389611e-05
VTBR_end_parts_low_0-2,0.0
VTBR_end_parts_low_0-3,1.0427529e-05
VTBR_end_parts_std_0-1,0.00079627079
VTBR_end_parts_std_0-2,0.0
VTBR_end_parts_std_0-3,0.0
VTBR_end_parts_mean_1-1,0.00039750192
VTBR_end_parts_mean_1-2,0.0031295626
VTBR_end_parts_mean_1-3,0.00039899378
VTBR_end_parts_low_1-1,0.0
VTBR_end_parts_low_1-2,0.0
VTBR_end_parts_low_1-3,0.0
VTBR_end_parts_std_1-1,0.0025567384
VTBR_end_parts_std_1-2,0.001528209
VTBR_end_parts_std_1-3,0.0002919395
VTBR_date_diff,0.0
VTBR_yesterday_last_part_mean,0.0011939486
